<beans xmlns="http://www.springframework.org/schema/beans"
	xmlns:xsi="http://www.w3.org/2001/XMLSchema-instance" xmlns:context="http://www.springframework.org/schema/context"
	xsi:schemaLocation="http://www.springframework.org/schema/beans
     http://www.springframework.org/schema/beans/spring-beans-4.0.xsd
     http://www.springframework.org/schema/context
     http://www.springframework.org/schema/context/spring-context-4.0.xsd">
	
	<!-- context:component-scan base-package="com.cg.demo" /> -->
	
	 <bean id="sbu" class="com.cg.emp.SBU">
	 <constructor-arg index="0" value="123"/>
	 <constructor-arg index="1" value="Product Engineering Services"/>
	 <constructor-arg index="2" value="Simran Batra"/> 
	 </bean>
	 
	 <bean id="emp" class="com.cg.emp.Employee">
	 <property name="empid" value="1001"/>
	 <property name="ename" value="Sejal"/>
	<property name="salary" value="1001.0"/>
	  <property name="bu" ref="sbu"/>
	 
	  </bean>


</beans>