<beans xmlns="http://www.springframework.org/schema/beans"
	xmlns:xsi="http://www.w3.org/2001/XMLSchema-instance" xmlns:context="http://www.springframework.org/schema/context"
	xsi:schemaLocation="http://www.springframework.org/schema/beans
     http://www.springframework.org/schema/beans/spring-beans-4.0.xsd
     http://www.springframework.org/schema/context
     http://www.springframework.org/schema/context/spring-context-4.0.xsd">
	
	<!-- <context:component-scan base-package="com.cg.demo" /> -->
	
	
	<!-- <bean id="100" class="com.cg.demo1_4.Employee">
		<property name="empId" value="100"/>
		<property name="empName" value="Rama"/>
		<property name="empSalary" value="12345.67"/>
	</bean>
	
	
	<bean id="101" class="com.cg.demo1_4.Employee">
		<property name="empId" value="101"/>
		<property name="empName" value="Sayon"/>
		<property name="empSalary" value="45000.0"/>
	</bean> -->
	
	
	<bean id="client100" class="com.cg.demo1_4.Client">
	
		<property name="empList">
			 <list>
			 	<bean id="100" class="com.cg.demo1_4.Employee">
					<property name="empId" value="100"/>
					<property name="empName" value="Rama"/>
					<property name="empSalary" value="12345.67"/>
				</bean>
			 </list>
		</property>
		
	</bean>
	
	<bean id="client101" class="com.cg.demo1_4.Client">
	
		<property name="empList">
			 <list>
			 	<bean id="101" class="com.cg.demo1_4.Employee">
						<property name="empId" value="101"/>
						<property name="empName" value="Sayon"/>
						<property name="empSalary" value="45000.0"/>
				</bean>
			 </list>
		</property>
		
	</bean>

	 
</beans>