<beans xmlns="http://www.springframework.org/schema/beans"
	xmlns:xsi="http://www.w3.org/2001/XMLSchema-instance" xmlns:context="http://www.springframework.org/schema/context"
	xsi:schemaLocation="http://www.springframework.org/schema/beans
     http://www.springframework.org/schema/beans/spring-beans-4.0.xsd
     http://www.springframework.org/schema/context
     http://www.springframework.org/schema/context/spring-context-4.0.xsd">
	
	<!-- context:component-scan base-package="com.cg.demo" /> -->

	 <bean id="emp1" class="com.cg.emp.Employee">
	 <property name="empid" value="1001"/>
	 <property name="ename" value="Sejal"/>
	<property name="salary" value="1001.0"/>
	  </bean>

	 <bean id="emp2" class="com.cg.emp.Employee">
	 <property name="empid" value="1002"/>
	 <property name="ename" value="Sruti"/>
	<property name="salary" value="2001.0"/>
	  </bean>
	  
	   <bean id="sbu" class="com.cg.emp.SBU">
	 <property name="sbucode" value="123"/>
	 <property name="sbuname" value="Production Engineering"/>
	<property name="sbuhead" value="Simran Batra"/>
	  <property name="emplist">
	  <list>
	  <ref bean="emp1"/>
	  <ref bean="emp2"/>
	  </list>
	  </property>
	  
	  </bean>

</beans>